{
  "variants": {
    "east=none,north=none,south=none,up=true,waterlogged=false,west=none": {
      "model": "minecraft:block/light_0000"
    },
    "east=low,north=none,south=none,up=true,waterlogged=false,west=none": {
      "model": "minecraft:block/light_0001"
    },
    "east=none,north=low,south=none,up=true,waterlogged=false,west=none": {
      "model": "minecraft:block/light_0010"
    },
    "east=low,north=low,south=none,up=true,waterlogged=false,west=none": {
      "model": "minecraft:block/light_0011"
    },
    "east=none,north=none,south=low,up=true,waterlogged=false,west=none": {
      "model": "minecraft:block/light_0100"
    },
    "east=low,north=none,south=low,up=true,waterlogged=false,west=none": {
      "model": "minecraft:block/light_0101"
    },
    "east=none,north=low,south=low,up=true,waterlogged=false,west=none": {
      "model": "minecraft:block/light_0110"
    },
    "east=low,north=low,south=low,up=true,waterlogged=false,west=none": {
      "model": "minecraft:block/light_0111"
    },
    "east=none,north=none,south=none,up=true,waterlogged=false,west=low": {
      "model": "minecraft:block/light_1000"
    },
    "east=low,north=none,south=none,up=true,waterlogged=false,west=low": {
      "model": "minecraft:block/light_1001"
    },
    "east=none,north=low,south=none,up=true,waterlogged=false,west=low": {
      "model": "minecraft:block/light_1010"
    },
    "east=low,north=low,south=none,up=true,waterlogged=false,west=low": {
      "model": "minecraft:block/light_1011"
    },
    "east=none,north=none,south=low,up=true,waterlogged=false,west=low": {
      "model": "minecraft:block/light_1100"
    },
    "east=low,north=none,south=low,up=true,waterlogged=false,west=low": {
      "model": "minecraft:block/light_1101"
    },
    "east=none,north=low,south=low,up=true,waterlogged=false,west=low": {
      "model": "minecraft:block/light_1110"
    },
    "east=low,north=low,south=low,up=true,waterlogged=false,west=low": {
      "model": "minecraft:block/light_1111"
    }
  }
}